table,column,unique_values
customers,customer_id,200
customers,customer_name,107
customers,customer_type,3
customers,primary_freight_type,6
customers,account_status,2
customers,contract_start_date,173
delivery_events,event_id,170820
delivery_events,load_id,85410
delivery_events,trip_id,85410
delivery_events,event_type,2
delivery_events,facility_id,50
delivery_events,scheduled_datetime,99624
delivery_events,actual_datetime,170820
delivery_events,location_city,20
delivery_events,location_state,19
driver_monthly_metrics,driver_id,124
driver_monthly_metrics,month,36
drivers,driver_id,150
drivers,first_name,20
drivers,last_name,20
drivers,hire_date,147
drivers,termination_date,26
drivers,license_number,150
drivers,license_state,23
drivers,date_of_birth,148
drivers,home_terminal,25
drivers,employment_status,2
drivers,cdl_class,1
facilities,facility_id,50
facilities,facility_name,35
facilities,facility_type,4
facilities,city,21
facilities,state,20
facilities,operating_hours,4
fuel_purchases,fuel_purchase_id,196442
fuel_purchases,trip_id,76939
fuel_purchases,truck_id,92
fuel_purchases,driver_id,124
fuel_purchases,purchase_date,26331
fuel_purchases,location_city,25
fuel_purchases,location_state,23
fuel_purchases,fuel_card_number,176645
loads,load_id,85410
loads,customer_id,200
loads,route_id,58
loads,load_date,1096
loads,load_type,2
loads,load_status,1
loads,booking_type,3
maintenance_records,maintenance_id,2920
maintenance_records,truck_id,120
maintenance_records,maintenance_date,1020
maintenance_records,maintenance_type,7
maintenance_records,facility_location,25
maintenance_records,service_description,21
routes,route_id,58
routes,origin_city,18
routes,origin_state,17
routes,destination_city,19
routes,destination_state,18
safety_incidents,incident_id,170
safety_incidents,trip_id,170
safety_incidents,truck_id,80
safety_incidents,driver_id,92
safety_incidents,incident_date,169
safety_incidents,incident_type,5
safety_incidents,location_city,25
safety_incidents,location_state,23
safety_incidents,description,12
trailers,trailer_id,180
trailers,trailer_type,2
trailers,vin,180
trailers,acquisition_date,173
trailers,status,1
trailers,current_location,25
trips,trip_id,85410
trips,load_id,85410
trips,driver_id,124
trips,truck_id,92
trips,trailer_id,180
trips,dispatch_date,1096
trips,trip_status,1
truck_utilization_metrics,truck_id,92
truck_utilization_metrics,month,36
trucks,truck_id,120
trucks,make,6
trucks,vin,120
trucks,acquisition_date,119
trucks,fuel_type,1
trucks,status,3
trucks,home_terminal,24
