table,column,dtype,null_count,null_pct,unique_count
customers,customer_id,object,0,0.0,200
customers,customer_name,object,0,0.0,107
customers,customer_type,object,0,0.0,3
customers,credit_terms_days,int64,0,0.0,4
customers,primary_freight_type,object,0,0.0,6
customers,account_status,object,0,0.0,2
customers,contract_start_date,object,0,0.0,173
customers,annual_revenue_potential,int64,0,0.0,200
delivery_events,event_id,object,0,0.0,170820
delivery_events,load_id,object,0,0.0,85410
delivery_events,trip_id,object,0,0.0,85410
delivery_events,event_type,object,0,0.0,2
delivery_events,facility_id,object,0,0.0,50
delivery_events,scheduled_datetime,object,0,0.0,99624
delivery_events,actual_datetime,object,0,0.0,170820
delivery_events,detention_minutes,int64,0,0.0,240
delivery_events,on_time_flag,bool,0,0.0,2
delivery_events,location_city,object,0,0.0,20
delivery_events,location_state,object,0,0.0,19
driver_monthly_metrics,driver_id,object,0,0.0,124
driver_monthly_metrics,month,object,0,0.0,36
driver_monthly_metrics,trips_completed,int64,0,0.0,32
driver_monthly_metrics,total_miles,int64,0,0.0,4100
driver_monthly_metrics,total_revenue,float64,0,0.0,4463
driver_monthly_metrics,average_mpg,float64,0,0.0,97
driver_monthly_metrics,total_fuel_gallons,float64,0,0.0,4201
driver_monthly_metrics,on_time_delivery_rate,float64,0,0.0,187
driver_monthly_metrics,average_idle_hours,float64,0,0.0,51
drivers,driver_id,object,0,0.0,150
drivers,first_name,object,0,0.0,20
drivers,last_name,object,0,0.0,20
drivers,hire_date,object,0,0.0,147
drivers,termination_date,object,124,82.67,26
drivers,license_number,object,0,0.0,150
drivers,license_state,object,0,0.0,23
drivers,date_of_birth,object,0,0.0,148
drivers,home_terminal,object,0,0.0,25
drivers,employment_status,object,0,0.0,2
drivers,cdl_class,object,0,0.0,1
drivers,years_experience,int64,0,0.0,24
facilities,facility_id,object,0,0.0,50
facilities,facility_name,object,0,0.0,35
facilities,facility_type,object,0,0.0,4
facilities,city,object,0,0.0,21
facilities,state,object,0,0.0,20
facilities,latitude,float64,0,0.0,21
facilities,longitude,float64,0,0.0,21
facilities,dock_doors,int64,0,0.0,40
facilities,operating_hours,object,0,0.0,4
fuel_purchases,fuel_purchase_id,object,0,0.0,196442
fuel_purchases,trip_id,object,0,0.0,76939
fuel_purchases,truck_id,object,3880,1.98,92
fuel_purchases,driver_id,object,3988,2.03,124
fuel_purchases,purchase_date,object,0,0.0,26331
fuel_purchases,location_city,object,0,0.0,25
fuel_purchases,location_state,object,0,0.0,23
fuel_purchases,gallons,float64,0,0.0,1501
fuel_purchases,price_per_gallon,float64,0,0.0,1851
fuel_purchases,total_cost,float64,0,0.0,64113
fuel_purchases,fuel_card_number,object,0,0.0,176645
loads,load_id,object,0,0.0,85410
loads,customer_id,object,0,0.0,200
loads,route_id,object,0,0.0,58
loads,load_date,object,0,0.0,1096
loads,load_type,object,0,0.0,2
loads,weight_lbs,int64,0,0.0,31927
loads,pieces,int64,0,0.0,28
loads,revenue,float64,0,0.0,79130
loads,fuel_surcharge,float64,0,0.0,57
loads,accessorial_charges,int64,0,0.0,6
loads,load_status,object,0,0.0,1
loads,booking_type,object,0,0.0,3
maintenance_records,maintenance_id,object,0,0.0,2920
maintenance_records,truck_id,object,0,0.0,120
maintenance_records,maintenance_date,object,0,0.0,1020
maintenance_records,maintenance_type,object,0,0.0,7
maintenance_records,odometer_reading,int64,0,0.0,2912
maintenance_records,labor_hours,float64,0,0.0,76
maintenance_records,labor_cost,float64,0,0.0,2851
maintenance_records,parts_cost,float64,0,0.0,2903
maintenance_records,total_cost,float64,0,0.0,2914
maintenance_records,facility_location,object,0,0.0,25
maintenance_records,downtime_hours,float64,0,0.0,460
maintenance_records,service_description,object,0,0.0,21
routes,route_id,object,0,0.0,58
routes,origin_city,object,0,0.0,18
routes,origin_state,object,0,0.0,17
routes,destination_city,object,0,0.0,19
routes,destination_state,object,0,0.0,18
routes,typical_distance_miles,int64,0,0.0,52
routes,base_rate_per_mile,float64,0,0.0,46
routes,fuel_surcharge_rate,float64,0,0.0,20
routes,typical_transit_days,int64,0,0.0,5
safety_incidents,incident_id,object,0,0.0,170
safety_incidents,trip_id,object,0,0.0,170
safety_incidents,truck_id,object,1,0.59,80
safety_incidents,driver_id,object,1,0.59,92
safety_incidents,incident_date,object,0,0.0,169
safety_incidents,incident_type,object,0,0.0,5
safety_incidents,location_city,object,0,0.0,25
safety_incidents,location_state,object,0,0.0,23
safety_incidents,at_fault_flag,bool,0,0.0,2
safety_incidents,injury_flag,bool,0,0.0,2
safety_incidents,vehicle_damage_cost,float64,0,0.0,119
safety_incidents,cargo_damage_cost,float64,0,0.0,49
safety_incidents,claim_amount,float64,0,0.0,132
safety_incidents,preventable_flag,bool,0,0.0,2
safety_incidents,description,object,0,0.0,12
trailers,trailer_id,object,0,0.0,180
trailers,trailer_number,int64,0,0.0,176
trailers,trailer_type,object,0,0.0,2
trailers,length_feet,int64,0,0.0,1
trailers,model_year,int64,0,0.0,10
trailers,vin,object,0,0.0,180
trailers,acquisition_date,object,0,0.0,173
trailers,status,object,0,0.0,1
trailers,current_location,object,0,0.0,25
trips,trip_id,object,0,0.0,85410
trips,load_id,object,0,0.0,85410
trips,driver_id,object,1714,2.01,124
trips,truck_id,object,1672,1.96,92
trips,trailer_id,object,1680,1.97,180
trips,dispatch_date,object,0,0.0,1096
trips,actual_distance_miles,int64,0,0.0,2818
trips,actual_duration_hours,float64,0,0.0,632
trips,fuel_gallons_used,float64,0,0.0,5247
trips,average_mpg,float64,0,0.0,201
trips,idle_time_hours,float64,0,0.0,101
trips,trip_status,object,0,0.0,1
truck_utilization_metrics,truck_id,object,0,0.0,92
truck_utilization_metrics,month,object,0,0.0,36
truck_utilization_metrics,trips_completed,int64,0,0.0,35
truck_utilization_metrics,total_miles,int64,0,0.0,3134
truck_utilization_metrics,total_revenue,float64,0,0.0,3310
truck_utilization_metrics,average_mpg,float64,0,0.0,76
truck_utilization_metrics,maintenance_events,int64,0,0.0,5
truck_utilization_metrics,maintenance_cost,float64,0,0.0,1627
truck_utilization_metrics,downtime_hours,float64,0,0.0,655
truck_utilization_metrics,utilization_rate,float64,0,0.0,103
trucks,truck_id,object,0,0.0,120
trucks,unit_number,int64,0,0.0,120
trucks,make,object,0,0.0,6
trucks,model_year,int64,0,0.0,7
trucks,vin,object,0,0.0,120
trucks,acquisition_date,object,0,0.0,119
trucks,acquisition_mileage,int64,0,0.0,120
trucks,fuel_type,object,0,0.0,1
trucks,tank_capacity_gallons,int64,0,0.0,3
trucks,status,object,0,0.0,3
trucks,home_terminal,object,0,0.0,24
