table,column,min_date,max_date,valid_dates,invalid_dates
customers,contract_start_date,2020-01-07 00:00:00.000000,2022-01-01 00:00:00.000000,200,0
delivery_events,scheduled_datetime,2022-01-01 07:00:00.000000,2025-01-02 19:21:42.629833,170820,0
delivery_events,actual_datetime,2022-01-01 06:13:28.892373,2025-01-03 00:29:47.403350,170820,0
driver_monthly_metrics,month,2022-01-01 00:00:00.000000,2024-12-01 00:00:00.000000,4464,0
drivers,hire_date,2012-01-28 00:00:00.000000,2021-12-06 00:00:00.000000,150,0
drivers,termination_date,2013-01-08 00:00:00.000000,2022-05-05 00:00:00.000000,26,0
drivers,date_of_birth,1960-05-24 00:00:00.000000,1995-07-03 00:00:00.000000,150,0
fuel_purchases,purchase_date,2022-01-01 00:00:00.000000,2025-01-02 23:00:00.000000,196442,0
loads,load_date,2022-01-01 00:00:00.000000,2024-12-31 00:00:00.000000,85410,0
maintenance_records,maintenance_date,2022-01-01 00:00:00.000000,2024-12-31 00:00:00.000000,2920,0
safety_incidents,incident_date,2022-01-05 02:00:00.000000,2024-12-24 09:00:00.000000,170,0
trailers,acquisition_date,2015-01-06 00:00:00.000000,2021-12-16 00:00:00.000000,180,0
trips,dispatch_date,2022-01-01 00:00:00.000000,2024-12-31 00:00:00.000000,85410,0
truck_utilization_metrics,month,2022-01-01 00:00:00.000000,2024-12-01 00:00:00.000000,3312,0
trucks,acquisition_date,2015-01-27 00:00:00.000000,2021-10-08 00:00:00.000000,120,0
