child_table,child_column,parent_table,parent_column,non_null_values,orphan_values
loads,customer_id,customers,customer_id,85410,0
loads,route_id,routes,route_id,85410,0
trips,load_id,loads,load_id,85410,0
trips,driver_id,drivers,driver_id,83696,0
trips,truck_id,trucks,truck_id,83738,0
trips,trailer_id,trailers,trailer_id,83730,0
delivery_events,load_id,loads,load_id,170820,0
delivery_events,trip_id,trips,trip_id,170820,0
delivery_events,facility_id,facilities,facility_id,170820,0
fuel_purchases,trip_id,trips,trip_id,196442,0
fuel_purchases,truck_id,trucks,truck_id,192562,0
fuel_purchases,driver_id,drivers,driver_id,192454,0
maintenance_records,truck_id,trucks,truck_id,2920,0
safety_incidents,trip_id,trips,trip_id,170,0
safety_incidents,truck_id,trucks,truck_id,169,0
safety_incidents,driver_id,drivers,driver_id,169,0
driver_monthly_metrics,driver_id,drivers,driver_id,4464,0
truck_utilization_metrics,truck_id,trucks,truck_id,3312,0
