table,column,min,max,mean,median,zero_count,negative_count
customers,credit_terms_days,15.0,60.0,37.65,30.0,0,0
customers,annual_revenue_potential,101641.0,4990599.0,2688236.745,2784584.5,0,0
delivery_events,detention_minutes,0.0,239.0,91.53746048472075,88.0,22472,0
driver_monthly_metrics,trips_completed,5.0,37.0,18.74910394265233,19.0,0,0
driver_monthly_metrics,total_miles,3310.0,57954.0,26812.792338709678,26409.5,0,0
driver_monthly_metrics,total_revenue,7096.56,124579.53,57630.94771281362,56652.715,0,0
driver_monthly_metrics,average_mpg,6.01,7.07,6.501861559139784,6.5,0,0
driver_monthly_metrics,total_fuel_gallons,521.9,9007.5,4158.631698028675,4083.95,0,0
driver_monthly_metrics,on_time_delivery_rate,0.0,0.833,0.4459957437275986,0.444,1,0
driver_monthly_metrics,average_idle_hours,4.4,9.7,7.01173835125448,7.0,0,0
drivers,years_experience,2.0,25.0,13.493333333333334,13.5,0,0
facilities,latitude,25.7617,45.5152,36.869319999999995,36.1663,0,0
facilities,longitude,-122.6784,-74.006,-93.260216,-86.7816,0,50
facilities,dock_doors,16.0,150.0,78.58,67.5,0,0
fuel_purchases,gallons,50.0,200.0,124.81565958399933,124.7,0,0
fuel_purchases,price_per_gallon,3.15,5.0,3.8984181386872456,3.856,0,0
fuel_purchases,total_cost,158.5,997.9,486.6219649565775,480.66,0,0
loads,weight_lbs,10000.0,45000.0,27477.495304999415,27482.0,0,0
loads,pieces,1.0,28.0,14.47053038285915,14.0,0,0
loads,revenue,125.93,8125.22,3073.712683409437,2827.9849999999997,0,0
loads,fuel_surcharge,13.8,891.82,350.9721186043789,314.64,0,0
loads,accessorial_charges,0.0,200.0,71.64383561643835,50.0,32186,0
maintenance_records,odometer_reading,50156.0,749875.0,401534.7876712329,407955.0,0,0
maintenance_records,labor_hours,0.5,8.0,4.178458904109589,4.2,0,0
maintenance_records,labor_cost,43.28,976.87,438.5298253424657,435.2,0,0
maintenance_records,parts_cost,0.14,3498.61,1523.995270547945,1465.415,0,0
maintenance_records,total_cost,60.82,4426.57,1962.525095890411,1896.045,0,0
maintenance_records,downtime_hours,2.0,48.0,24.736472602739727,24.75,0,0
routes,typical_distance_miles,92.0,3141.0,1391.5,1271.0,0,0
routes,base_rate_per_mile,1.52,2.79,2.1967241379310343,2.23,0,0
routes,fuel_surcharge_rate,0.15,0.34,0.24879310344827588,0.245,0,0
routes,typical_transit_days,1.0,5.0,2.1206896551724137,2.0,0,0
safety_incidents,vehicle_damage_cost,0.0,24614.16,9432.712411764705,8035.265,52,0
safety_incidents,cargo_damage_cost,0.0,49744.07,6174.1806470588235,0.0,122,0
safety_incidents,claim_amount,0.0,64245.72,15606.89305882353,13627.185,39,0
trailers,trailer_number,1072.0,9939.0,5881.677777777778,6150.5,0,0
trailers,length_feet,53.0,53.0,53.0,53.0,0,0
trailers,model_year,2015.0,2024.0,2019.1444444444444,2019.0,0,0
trips,actual_distance_miles,90.0,3391.0,1430.2681301955274,1297.5,0,0
trips,actual_duration_hours,1.4,67.8,25.014673925769813,23.0,0,0
trips,fuel_gallons_used,12.0,611.9,221.82742184755884,204.5,0,0
trips,average_mpg,5.5,7.5,6.5014625922023175,6.5,0,0
trips,idle_time_hours,2.0,12.0,7.010783280646295,7.0,0,0
truck_utilization_metrics,trips_completed,11.0,46.0,25.283212560386474,25.0,0,0
truck_utilization_metrics,total_miles,12680.0,71177.0,36152.23007246377,35758.0,0,0
truck_utilization_metrics,total_revenue,27876.18,144891.1,77700.56156400967,76607.69,0,0
truck_utilization_metrics,average_mpg,6.01,6.86,6.500975241545892,6.5,0,0
truck_utilization_metrics,maintenance_events,0.0,4.0,0.6733091787439613,0.0,1684,0
truck_utilization_metrics,maintenance_cost,0.0,10414.66,1307.187629830918,0.0,1684,0
truck_utilization_metrics,downtime_hours,0.0,152.2,16.54957729468599,0.0,1684,0
truck_utilization_metrics,utilization_rate,0.387,1.484,0.8304471618357487,0.833,0,0
trucks,unit_number,1086.0,9991.0,5568.641666666666,5669.0,0,0
trucks,model_year,2015.0,2021.0,2015.8916666666667,2015.0,0,0
trucks,acquisition_mileage,227.0,49556.0,26058.216666666667,26060.5,0,0
trucks,tank_capacity_gallons,150.0,250.0,201.66666666666666,200.0,0,0
